Gate_1,Gate_2,Delay,Fidelity
0,0,0,0.9785126953007812
0,1,0,0.9810462959633917
0,2,0,0.9804224279351366
1,0,0,0.9726445310624939
1,1,0,0.9804361094204849
1,2,0,0.9830220835574611
2,0,0,0.9695580208784114
2,1,0,0.9814432847483499
2,2,0,0.975585203609609
0,0,1000,0.9462869592836858
0,1,1000,0.9487471366046049
0,2,1000,0.9520585449242491
1,0,1000,0.9597653610112432
1,1,1000,0.9444118070904183
1,2,1000,0.9469888046034154
2,0,1000,0.9442453094212983
2,1,1000,0.9421671980441276
2,2,1000,0.9471908802905046
0,0,2000,0.9312576970436198
0,1,2000,0.9274277131870453
0,2,2000,0.9077360133441855
1,0,2000,0.9158349483312713
1,1,2000,0.9083180705963325
1,2,2000,0.9233183801899163
2,0,2000,0.9071088563323472
2,1,2000,0.9173750516533162
2,2,2000,0.9262623022496465
0,0,3000,0.8917009510967437
0,1,3000,0.8957820884726984
0,2,3000,0.8806512987118584
1,0,3000,0.8923754604997935
1,1,3000,0.8914654068660083
1,2,3000,0.8949689888830561
2,0,3000,0.8932217339124502
2,1,3000,0.8767399794276035
2,2,3000,0.904609720723679
0,0,4000,0.8645050434989034
0,1,4000,0.8740694988408806
0,2,4000,0.8438011868422287
1,0,4000,0.8658262854856239
1,1,4000,0.858032029462907
1,2,4000,0.8657531074089428
2,0,4000,0.8701425518091075
2,1,4000,0.8692990858811334
2,2,4000,0.8583371294176799
0,0,5000,0.8305006278914757
0,1,5000,0.8422522998267908
0,2,5000,0.8512739672115688
1,0,5000,0.8224943947775502
1,1,5000,0.8369760391726523
1,2,5000,0.8218887961016157
2,0,5000,0.8076345465027353
2,1,5000,0.8218887961016157
2,2,5000,0.8236700536647774
0,0,6000,0.810971965048487
0,1,6000,0.8120647517823237
0,2,6000,0.8105766468633591
1,0,6000,0.8294429063151597
1,1,6000,0.8170601184622851
1,2,6000,0.8005167480322782
2,0,6000,0.8288467261891935
2,1,6000,0.7998511651254051
2,2,6000,0.7979085481499609
0,0,7000,0.7815867319296157
0,1,7000,0.7949096119944972
0,2,7000,0.7646707343851276
1,0,7000,0.7842059616675637
1,1,7000,0.7963694140113393
1,2,7000,0.7719592170337198
2,0,7000,0.7651206170439228
2,1,7000,0.7774172903407158
2,2,7000,0.7886647921939156
0,0,8000,0.7829398065968821
0,1,8000,0.7378761692709606
0,2,8000,0.7329556838866366
1,0,8000,0.7618563731897368
1,1,8000,0.764512730594774
1,2,8000,0.7462992114725435
2,0,8000,0.7658458836660692
2,1,8000,0.7672998482252716
2,2,8000,0.7612877615721991
0,0,9000,0.7319062487748902
0,1,9000,0.75451599725343
0,2,9000,0.7419547345529072
1,0,9000,0.7379120283445897
1,1,9000,0.725241235704611
1,2,9000,0.7404338106177583
2,0,9000,0.7252703999881165
2,1,9000,0.734142775762507
2,2,9000,0.7346190428905468
0,0,10000,0.7069163323540126
0,1,10000,0.7181901169689316
0,2,10000,0.7024099292528996
1,0,10000,0.7136483017292856
1,1,10000,0.7234068774075147
1,2,10000,0.7360275851591476
2,0,10000,0.7032294250287088
2,1,10000,0.7375242962659402
2,2,10000,0.7008467068434188
0,0,11000,0.6755487348749631
0,1,11000,0.7335815368542282
0,2,11000,0.7028831739720451
1,0,11000,0.6918746255988029
1,1,11000,0.7078372282547285
1,2,11000,0.6959196548199041
2,0,11000,0.6935899292403954
2,1,11000,0.688719789879347
2,2,11000,0.692391553208412
0,0,12000,0.6903019306274136
0,1,12000,0.6942851387081381
0,2,12000,0.6746204241272177
1,0,12000,0.6805096681473838
1,1,12000,0.6508503078944586
1,2,12000,0.7040471553747518
2,0,12000,0.6767574062757172
2,1,12000,0.6760905724138156
2,2,12000,0.6565354891938467
0,0,13000,0.6704448947362821
0,1,13000,0.6569593888087397
0,2,13000,0.6531005848807057
1,0,13000,0.6684103755542325
1,1,13000,0.6556091159630624
1,2,13000,0.6392609496801811
2,0,13000,0.6590874717621269
2,1,13000,0.6663035585126151
2,2,13000,0.6675328989271069
0,0,14000,0.6326476601596349
0,1,14000,0.6603678997649259
0,2,14000,0.6428618960584697
1,0,14000,0.6275751007776492
1,1,14000,0.651421839103845
1,2,14000,0.6244270598242991
2,0,14000,0.627601764333977
2,1,14000,0.6203796268868721
2,2,14000,0.6299671227722525
0,0,15000,0.6140623374201777
0,1,15000,0.6050920683875947
0,2,15000,0.6307584034530528
1,0,15000,0.6202350795349098
1,1,15000,0.6007072997470895
1,2,15000,0.631510368852204
2,0,15000,0.6215402138120777
2,1,15000,0.6217854786306802
2,2,15000,0.6039547125231455
0,0,16000,0.5808048771961888
0,1,16000,0.580675603687006
0,2,16000,0.6188207676112459
1,0,16000,0.6041836503613794
1,1,16000,0.5751687740819386
1,2,16000,0.609098005503776
2,0,16000,0.6178996495111336
2,1,16000,0.606439456663766
2,2,16000,0.5964854798946103
0,0,17000,0.5870347320018706
0,1,17000,0.5874107141490569
0,2,17000,0.5697311050520533
1,0,17000,0.613035327320708
1,1,17000,0.6041490528648477
1,2,17000,0.5979443412333922
2,0,17000,0.5917261199961248
2,1,17000,0.5589485812447264
2,2,17000,0.5672421965475207
0,0,18000,0.5805940521506451
0,1,18000,0.565782876086986
0,2,18000,0.5741214224807663
1,0,18000,0.5439737778501033
1,1,18000,0.56395721423905
1,2,18000,0.5562736612843908
2,0,18000,0.5895882006854544
2,1,18000,0.5709072607400537
2,2,18000,0.5733329838588932
0,0,19000,0.578158587602381
0,1,19000,0.5646929824195202
0,2,19000,0.5477084030129107
1,0,19000,0.5867631708310649
1,1,19000,0.551831187100293
1,2,19000,0.541932741555821
2,0,19000,0.5634793286098694
2,1,19000,0.5441771720987054
2,2,19000,0.540930377796606
0,0,20000,0.5320167790075001
0,1,20000,0.549577466931863
0,2,20000,0.5434569078219478
1,0,20000,0.5577385057764119
1,1,20000,0.536518513646847
1,2,20000,0.5354013750610033
2,0,20000,0.5232619581872682
2,1,20000,0.5268493589218444
2,2,20000,0.5340997475260039
0,0,21000,0.5491848830082987
0,1,21000,0.5220141032635209
0,2,21000,0.5139932151092643
1,0,21000,0.544234422285298
1,1,21000,0.5292215432447285
1,2,21000,0.5550608580188899
2,0,21000,0.5186688297940576
2,1,21000,0.5312969454909159
2,2,21000,0.5220763303994038
0,0,22000,0.5263671875000001
0,1,22000,0.5139286432471213
0,2,22000,0.5185361444312286
1,0,22000,0.5064673703545962
1,1,22000,0.5165682453978863
1,2,22000,0.5085483875677855
2,0,22000,0.5068998702340778
2,1,22000,0.532002561412806
2,2,22000,0.5064673703545962
0,0,23000,0.5022131535948051
0,1,23000,0.4994296267179547
0,2,23000,0.4895378533350789
1,0,23000,0.5077516467312922
1,1,23000,0.48880324072694725
1,2,23000,0.5060339945338596
2,0,23000,0.5082483845250927
2,1,23000,0.50357102306602
2,2,23000,0.5241769258063885
0,0,24000,0.4710919991837895
0,1,24000,0.47956187347010365
0,2,24000,0.4795948790570658
1,0,24000,0.48487853952526405
1,1,24000,0.4811897819274133
1,2,24000,0.46728391485342535
2,0,24000,0.4883738361467086
2,1,24000,0.4876017057888247
2,2,24000,0.46436415832632266
0,0,25000,0.48874717923914546
0,1,25000,0.45663968449723724
0,2,25000,0.43982423174731394
1,0,25000,0.4711209381838898
1,1,25000,0.4550298923390876
1,2,25000,0.47610446418862507
2,0,25000,0.47577495582918744
2,1,25000,0.47577416193112354
2,2,25000,0.4678191238463859
0,0,26000,0.4591471197122647
0,1,26000,0.4497328191541048
0,2,26000,0.457569839010005
1,0,26000,0.4716010239956205
1,1,26000,0.48406185251090433
1,2,26000,0.4805769799401405
2,0,26000,0.4661339791356791
2,1,26000,0.4492455784874605
2,2,26000,0.4338453821665129
0,0,27000,0.421448426599308
0,1,27000,0.4288411431426337
0,2,27000,0.4479477931065665
1,0,27000,0.45676252725568356
1,1,27000,0.4432227652321807
1,2,27000,0.4666526369039387
2,0,27000,0.4429585973687536
2,1,27000,0.43317197525736156
2,2,27000,0.4360039870098391
0,0,28000,0.44281657531212754
0,1,28000,0.4294046148155401
0,2,28000,0.4239270605854538
1,0,28000,0.44904845888362604
1,1,28000,0.45707483206340305
1,2,28000,0.43245714858887063
2,0,28000,0.4466855234725662
2,1,28000,0.4533172130685828
2,2,28000,0.4152935015915538
0,0,29000,0.4119413448113913
0,1,29000,0.4151301000388601
0,2,29000,0.40812065243680173
1,0,29000,0.42759448758271146
1,1,29000,0.4420342379479731
1,2,29000,0.4422899153055984
2,0,29000,0.4319918603541117
2,1,29000,0.40768902241295496
2,2,29000,0.3953838039256437
0,0,30000,0.40754755836337747
0,1,30000,0.4353698331953656
0,2,30000,0.43009302473028893
1,0,30000,0.4284247445007448
1,1,30000,0.4284596844506077
1,2,30000,0.4088412178659287
2,0,30000,0.40527098380988674
2,1,30000,0.41440149524160447
2,2,30000,0.42575294185849444
0,0,31000,0.4064817960464676
0,1,31000,0.4015891322487862
0,2,31000,0.40649398784607593
1,0,31000,0.4113647003334504
1,1,31000,0.4034312396231384
1,2,31000,0.37167376863981477
2,0,31000,0.4095440396824921
2,1,31000,0.41567672036195674
2,2,31000,0.36913645017988045
0,0,32000,0.37164061562799894
0,1,32000,0.39975592793630704
0,2,32000,0.3985211368383359
1,0,32000,0.414491715880743
1,1,32000,0.3703287287275858
1,2,32000,0.39728512509166325
2,0,32000,0.3984575824858983
2,1,32000,0.4046050194689572
2,2,32000,0.37346576258430997
0,0,33000,0.3796111265656272
0,1,33000,0.39367577273639875
0,2,33000,0.40156683584951863
1,0,33000,0.39728512509166325
1,1,33000,0.39060906324882366
1,2,33000,0.3426438543159795
2,0,33000,0.38983745682924575
2,1,33000,0.39852693526556043
2,2,33000,0.38922906966382315
0,0,34000,0.37323112217434284
0,1,34000,0.41502406558125227
0,2,34000,0.36196658318849584
1,0,34000,0.3778072472770847
1,1,34000,0.37393463750082784
1,2,34000,0.3702113313308012
2,0,34000,0.36742084954974574
2,1,34000,0.3727789741716373
2,2,34000,0.37588203185347274
0,0,35000,0.36704700539296714
0,1,35000,0.36954508718614676
0,2,35000,0.32882399219982467
1,0,35000,0.35518334369090054
1,1,35000,0.35430984577579305
1,2,35000,0.35842510628454216
2,0,35000,0.3610052769461819
2,1,35000,0.3794620470936424
2,2,35000,0.3605930054179496
0,0,36000,0.36600512886128
0,1,36000,0.37114059253375864
0,2,36000,0.36645959919026244
1,0,36000,0.3452379934392388
1,1,36000,0.35742989901794026
1,2,36000,0.3497278549708472
2,0,36000,0.36896225369914804
2,1,36000,0.3608518975672801
2,2,36000,0.37400218514464584
0,0,37000,0.3232175475540583
0,1,37000,0.3367720084164174
0,2,37000,0.3504369060920644
1,0,37000,0.3444212881689536
1,1,37000,0.3194188310573773
1,2,37000,0.3336636268926258
2,0,37000,0.35037584742779565
2,1,37000,0.3445980274184413
2,2,37000,0.34933733031121694
0,0,38000,0.342605886435502
0,1,38000,0.3368349937604505
0,2,38000,0.3468382532084902
1,0,38000,0.3373486240567526
1,1,38000,0.3448608921307163
1,2,38000,0.33090949269822056
2,0,38000,0.30801149449955584
2,1,38000,0.33487702689434673
2,2,38000,0.3410006677194136
0,0,39000,0.32049691690393495
0,1,39000,0.3443000977777052
0,2,39000,0.3328853343797142
1,0,39000,0.35600339818019655
1,1,39000,0.33518608831559615
1,2,39000,0.32067187673752684
2,0,39000,0.3302262863359398
2,1,39000,0.3241961980161697
2,2,39000,0.32788728400117234
0,0,40000,0.32695285914792094
0,1,40000,0.34387202643387743
0,2,40000,0.3338655170328124
1,0,40000,0.33462476562158566
1,1,40000,0.3048055800680504
1,2,40000,0.305985864181041
2,0,40000,0.3087264454915917
2,1,40000,0.35801996820555
2,2,40000,0.30672112636982796
0,0,41000,0.30079375424304106
0,1,41000,0.30454051028780244
0,2,41000,0.31577539421352047
1,0,41000,0.32563449880442347
1,1,41000,0.2950902352796894
1,2,41000,0.33833856975590965
2,0,41000,0.3275343227582694
2,1,41000,0.3190283979118226
2,2,41000,0.3217258195249705
0,0,42000,0.3217258195249705
0,1,42000,0.35105468638380105
0,2,42000,0.31393882031826875
1,0,42000,0.3168852285710792
1,1,42000,0.3031096887037574
1,2,42000,0.2951367158197264
2,0,42000,0.3012056528137068
2,1,42000,0.29553460322298675
2,2,42000,0.2803710165716989
0,0,43000,0.29882732453678335
0,1,43000,0.30716579761893426
0,2,43000,0.3136043204014536
1,0,43000,0.29561941550361764
1,1,43000,0.2870143074662683
1,2,43000,0.33255222539751184
2,0,43000,0.2799660105130671
2,1,43000,0.31035062795064666
2,2,43000,0.30883613840952895
0,0,44000,0.31807847565803155
0,1,44000,0.3010397511481241
0,2,44000,0.29030223656028414
1,0,44000,0.29795673057928396
1,1,44000,0.299072265625
1,2,44000,0.31487294065408505
2,0,44000,0.2775471945387538
2,1,44000,0.29128106492601324
2,2,44000,0.2924259076546702
0,0,45000,0.2851663172979969
0,1,45000,0.28555247934974753
0,2,45000,0.3019257635648
1,0,45000,0.2873435503556464
1,1,45000,0.3004557069922214
1,2,45000,0.30191422662009
2,0,45000,0.28299966859399095
2,1,45000,0.2766984321318071
2,2,45000,0.31127449088269094
0,0,46000,0.3089843439783164
0,1,46000,0.304869611527487
0,2,46000,0.28841440419307046
1,0,46000,0.2848139158131169
1,1,46000,0.30141059017985083
1,2,46000,0.3072227775695243
2,0,46000,0.27406746664320913
2,1,46000,0.26511850811558935
2,2,46000,0.2569342535878299
0,0,47000,0.25191905425901184
0,1,47000,0.26145521358619034
0,2,47000,0.29077866480415226
1,0,47000,0.2599730475589341
1,1,47000,0.26260452252547534
1,2,47000,0.28942079012674
2,0,47000,0.27150464508533434
2,1,47000,0.29655341398161583
2,2,47000,0.278937040723644
0,0,48000,0.2573128682582281
0,1,48000,0.27720565095739275
0,2,48000,0.251944608178674
1,0,48000,0.25142477934189583
1,1,48000,0.28723597214511526
1,2,48000,0.2791294614949776
2,0,48000,0.2802700348018946
2,1,48000,0.26021443391039784
2,2,48000,0.2621067452069026
0,0,49000,0.2616959737058403
0,1,49000,0.2357283355247057
0,2,49000,0.2718566728652486
1,0,49000,0.27636373670602915
1,1,49000,0.2675772339728541
1,2,49000,0.23471670520764562
2,0,49000,0.24988455209483967
2,1,49000,0.27576456648007
2,2,49000,0.2572572595420432
0,0,50000,0.24404292965621877
0,1,50000,0.248945862782785
0,2,50000,0.2602261912764132
1,0,50000,0.2572572595420432
1,1,50000,0.26597321864078316
1,2,50000,0.28515290556865186
2,0,50000,0.24605886782353725
2,1,50000,0.26511850811558935
2,2,50000,0.2536656373695984
0,0,51000,0.2557997236882532
0,1,51000,0.23026581044325925
0,2,51000,0.2655675427184878
1,0,51000,0.2386910494794872
1,1,51000,0.24838517587031722
1,2,51000,0.25424800934376846
2,0,51000,0.280188345245755
2,1,51000,0.27535945458364147
2,2,51000,0.25063701803578925
0,0,52000,0.274766763658403
0,1,52000,0.28117280282369184
0,2,52000,0.23803081692365377
1,0,52000,0.22828063274659496
1,1,52000,0.23823301488697476
1,2,52000,0.2343930925298454
2,0,52000,0.23425235568775524
2,1,52000,0.2677277837004449
2,2,52000,0.2305559099069083
0,0,53000,0.23547661784459858
0,1,53000,0.24608503038301
0,2,53000,0.2464308614542822
1,0,53000,0.2576792635302885
1,1,53000,0.2743923400842952
1,2,53000,0.273436628066416
2,0,53000,0.24959723460493102
2,1,53000,0.2556206025550565
2,2,53000,0.24901482047388154
0,0,54000,0.24940252564984983
0,1,54000,0.2570401553913443
0,2,54000,0.260253677224822
1,0,54000,0.2363029011688577
1,1,54000,0.25096136216305276
1,2,54000,0.24605886782353725
2,0,54000,0.2430846173046546
2,1,54000,0.24690712263557626
2,2,54000,0.20669638843897548
0,0,55000,0.21536212654411338
0,1,55000,0.20708263508948485
0,2,55000,0.22930437313550786
1,0,55000,0.22621216106519593
1,1,55000,0.2224150604862118
1,2,55000,0.23554075860373325
2,0,55000,0.2334575383149169
2,1,55000,0.2237130929703605
2,2,55000,0.23326192579486832
0,0,56000,0.22417210053648085
0,1,56000,0.2518764528669467
0,2,56000,0.2255002972363556
1,0,56000,0.19778579878620567
1,1,56000,0.21511107308561342
1,2,56000,0.22475710257755646
2,0,56000,0.23407816442581647
2,1,56000,0.22002214662019018
2,2,56000,0.22621216106519593
0,0,57000,0.22431344302609313
0,1,57000,0.23811846169429363
0,2,57000,0.22582056575148535
1,0,57000,0.23050943286135694
1,1,57000,0.2280545836488396
1,2,57000,0.22358124791410716
2,0,57000,0.2123272621307435
2,1,57000,0.2343930925298454
2,2,57000,0.21711357368907747
0,0,58000,0.21421314488943932
0,1,58000,0.21690224767950808
0,2,58000,0.21608013072621068
1,0,58000,0.22157373468839517
1,1,58000,0.21260578641863237
1,2,58000,0.2085717154652992
2,0,58000,0.22455666250696701
2,1,58000,0.22652818740406547
2,2,58000,0.19693599773946996
0,0,59000,0.2059569267675111
0,1,59000,0.2235165836823578
0,2,59000,0.1943197431291999
1,0,59000,0.20742685474775546
1,1,59000,0.23620548426409504
1,2,59000,0.19588582315620293
2,0,59000,0.21069993438355028
2,1,59000,0.21484346808204333
2,2,59000,0.20596587044118078
0,0,60000,0.21404386895488986
0,1,60000,0.20373107225264245
0,2,60000,0.20934702124774532
1,0,60000,0.1890790303544649
1,1,60000,0.21069993438355028
1,2,60000,0.21214539776395588
2,0,60000,0.19566560338333008
2,1,60000,0.21233342414078843
2,2,60000,0.21645503369539576
0,0,61000,0.19353916370937868
0,1,61000,0.19013113714264754
0,2,61000,0.20048875005659134
1,0,61000,0.1892655049868449
1,1,61000,0.2050423547136661
1,2,61000,0.21051882467400704
2,0,61000,0.21365997162931308
2,1,61000,0.20528116408474906
2,2,61000,0.20078341792475934
0,0,62000,0.20507338429362293
0,1,62000,0.21359465459084315
0,2,62000,0.20329433372471278
1,0,62000,0.22486606919598207
1,1,62000,0.19264456988248171
1,2,62000,0.21488782173815404
2,0,62000,0.20547436932804797
2,1,62000,0.20550224719874904
2,2,62000,0.1959221390871622
0,0,63000,0.21939660876971906
0,1,63000,0.19396776777607902
0,2,63000,0.22800176673038625
1,0,63000,0.21276005578097976
1,1,63000,0.1968732081254441
1,2,63000,0.20931842256695501
2,0,63000,0.19308360463367308
2,1,63000,0.2305559099069083
2,2,63000,0.24521870778511554
0,0,64000,0.18756200363598546
0,1,64000,0.20719895821300585
0,2,64000,0.21310637334084323
1,0,64000,0.21277187868180747
1,1,64000,0.1871515444986396
1,2,64000,0.19481295005432767
2,0,64000,0.21467271383629238
2,1,64000,0.1849297414950436
2,2,64000,0.19720083106371286
0,0,65000,0.18824678195903155
0,1,65000,0.19084726952517622
0,2,65000,0.1952514453685865
1,0,65000,0.1944579284429525
1,1,65000,0.19908373661650777
1,2,65000,0.21617802453097978
2,0,65000,0.1660141271906609
2,1,65000,0.1995078535211746
2,2,65000,0.18838200722969936
0,0,66000,0.20204565150175494
0,1,66000,0.19819778810041397
0,2,66000,0.20931842256695501
1,0,66000,0.2174358087977019
1,1,66000,0.17304568298456147
1,2,66000,0.19054207807765042
2,0,66000,0.19648880372541397
2,1,66000,0.19813055989906408
2,2,66000,0.18532357323767407
0,0,67000,0.19761682866660849
0,1,67000,0.19404600932648136
0,2,67000,0.19955084018645503
1,0,67000,0.2135884497808914
1,1,67000,0.1749664612449058
1,2,67000,0.18532357323767407
2,0,67000,0.18147543528955976
2,1,67000,0.19032499642120476
2,2,67000,0.18824678195903155
0,0,68000,0.18454351259144183
0,1,68000,0.18489928666941538
0,2,68000,0.17416919991096871
1,0,68000,0.20010640945920952
1,1,68000,0.19224250278139524
1,2,68000,0.18382834270474482
2,0,68000,0.18756200363598546
2,1,68000,0.203653962985161
2,2,68000,0.16952396458091132
0,0,69000,0.1928707716641822
0,1,69000,0.16898945346296018
0,2,69000,0.16618273003151388
1,0,69000,0.18382834270474482
1,1,69000,0.16898945346296018
1,2,69000,0.18553827807274834
2,0,69000,0.19302355766598148
2,1,69000,0.20573859198785008
2,2,69000,0.18329159007166132
0,0,70000,0.18838200722969936
0,1,70000,0.18936421464037578
0,2,70000,0.1537930085418207
1,0,70000,0.17434053296253713
1,1,70000,0.1855066193415983
1,2,70000,0.18594648574279948
2,0,70000,0.19306235424796342
2,1,70000,0.1675443477007268
2,2,70000,0.17098516397516844
0,0,71000,0.19293194974221478
0,1,71000,0.15732014405693162
0,2,71000,0.16275931454308365
1,0,71000,0.1780189636411028
1,1,71000,0.18318807733009057
1,2,71000,0.16784427669134547
2,0,71000,0.16375113090890944
2,1,71000,0.1869069777204882
2,2,71000,0.18756101487878726
0,0,72000,0.19347176557765042
0,1,72000,0.17538001140126244
0,2,72000,0.19459399184850834
1,0,72000,0.19896721089115527
1,1,72000,0.16542868460507104
1,2,72000,0.18582313353927088
2,0,72000,0.16784427669134547
2,1,72000,0.18222753795790325
2,2,72000,0.169876967285654
0,0,73000,0.17086188130806776
0,1,73000,0.18715968154210633
0,2,73000,0.16746159753658751
1,0,73000,0.17734369262263006
1,1,73000,0.1620221324343373
1,2,73000,0.17421170773892325
2,0,73000,0.18071636167649555
2,1,73000,0.1652606819387025
2,2,73000,0.19583726947052277
0,0,74000,0.1522628744022432
0,1,74000,0.18233579705734415
0,2,74000,0.1843248230214748
1,0,74000,0.1820067491164657
1,1,74000,0.17129854988346752
1,2,74000,0.17532485474084775
2,0,74000,0.15964755134705477
2,1,74000,0.18074436174998823
2,2,74000,0.1792503937975368
0,0,75000,0.1691340153935444
0,1,75000,0.16405627960431876
0,2,75000,0.19293194974221478
1,0,75000,0.16479913108237373
1,1,75000,0.1881082698480984
1,2,75000,0.1733115541683986
2,0,75000,0.17449253395157116
2,1,75000,0.167967233583977
2,2,75000,0.16522137059322617
0,0,76000,0.1405196799334233
0,1,76000,0.1589087867154611
0,2,76000,0.15526655995819863
1,0,76000,0.15389822210177395
1,1,76000,0.16314140354907022
1,2,76000,0.16405627960431876
2,0,76000,0.17407634689954218
2,1,76000,0.16835681700646857
2,2,76000,0.1675443477007268
0,0,77000,0.1537930085418207
0,1,77000,0.16054192030949183
0,2,77000,0.1640061390044917
1,0,77000,0.17636507217459696
1,1,77000,0.16001660523008407
1,2,77000,0.16149065772799884
2,0,77000,0.15499441116516297
2,1,77000,0.1544573088724888
2,2,77000,0.17614020093229166
0,0,78000,0.15842128831726096
0,1,78000,0.14289760138221919
0,2,78000,0.18397433614859857
1,0,78000,0.16054192030949183
1,1,78000,0.14263385933313813
1,2,78000,0.1689908363961156
2,0,78000,0.1652606819387025
2,1,78000,0.15371215561893414
2,2,78000,0.16068028040770654
0,0,79000,0.16001660523008407
0,1,79000,0.14379119826475062
0,2,79000,0.1672754278983687
1,0,79000,0.18669010889342855
1,1,79000,0.16068028040770654
1,2,79000,0.14465320449615998
2,0,79000,0.15856923015725383
2,1,79000,0.1643911040126194
2,2,79000,0.14935034351411758
0,0,80000,0.16715784213802445
0,1,80000,0.17692910747752005
0,2,80000,0.1541057875384821
1,0,80000,0.1757681699951334
1,1,80000,0.13947261801156507
1,2,80000,0.15193724593377858
2,0,80000,0.1503888030296699
2,1,80000,0.15171002643016818
2,2,80000,0.16522137059322617
0,0,81000,0.16624015174569898
0,1,81000,0.15124500641580038
0,2,81000,0.15961648465150982
1,0,81000,0.1482315814276886
1,1,81000,0.15371215561893414
1,2,81000,0.139159645493319
2,0,81000,0.16503906250000006
2,1,81000,0.13278567076466813
2,2,81000,0.16258270730810095
0,0,82000,0.1431855589453425
0,1,82000,0.14736685987992942
0,2,82000,0.1661582360428299
1,0,82000,0.15964755134705477
1,1,82000,0.13824699172229338
1,2,82000,0.13467996146668076
2,0,82000,0.1511062543877392
2,1,82000,0.17349837431184018
2,2,82000,0.14683144597102885
0,0,83000,0.16808270189276528
0,1,83000,0.15146468062688573
0,2,83000,0.17484019104088824
1,0,83000,0.17407634689954218
1,1,83000,0.14199557610995064
1,2,83000,0.15127717857767187
2,0,83000,0.16618914280988675
2,1,83000,0.13024539889422998
2,2,83000,0.16353951642853065
0,0,84000,0.150922652515497
0,1,84000,0.15198566894124096
0,2,84000,0.1605686778149846
1,0,84000,0.16091796289296761
1,1,84000,0.14184365148688874
1,2,84000,0.15182290862514364
2,0,84000,0.14720051882344926
2,1,84000,0.14843563630395634
2,2,84000,0.14005199780825586
0,0,85000,0.15518731890264956
0,1,85000,0.1447382699618858
0,2,85000,0.13495666647009796
1,0,85000,0.1356485754117171
1,1,85000,0.15002977580939833
1,2,85000,0.14677968477926515
2,0,85000,0.1777340170217744
2,1,85000,0.14540047300854195
2,2,85000,0.13312830292752464
0,0,86000,0.1396056173681778
0,1,86000,0.15375366182551697
0,2,86000,0.15997800486482583
1,0,86000,0.1419404586232153
1,1,86000,0.16513206753998544
1,2,86000,0.13522722930155964
2,0,86000,0.14040841736758403
2,1,86000,0.15562652950525496
2,2,86000,0.1508784623564872
0,0,87000,0.1416529368187341
0,1,87000,0.14798458377361162
0,2,87000,0.13830552812657143
1,0,87000,0.13278567076466813
1,1,87000,0.14752989527110968
1,2,87000,0.13722630217406706
2,0,87000,0.1492689355091585
2,1,87000,0.14608363560170304
2,2,87000,0.1426369075528414
0,0,88000,0.12857032807826285
0,1,88000,0.14360698112397574
0,2,88000,0.15446649845906749
1,0,88000,0.13881121685177067
1,1,88000,0.1370365410535766
1,2,88000,0.1545302311868258
2,0,88000,0.17864551660276046
2,1,88000,0.13964627692119352
2,2,88000,0.13840895123911506
0,0,89000,0.15824533109224273
0,1,89000,0.15374487476411755
0,2,89000,0.1426369075528414
1,0,89000,0.14752989527110968
1,1,89000,0.14367263873345645
1,2,89000,0.12857032807826285
2,0,89000,0.15520151946695046
2,1,89000,0.16039661515419226
2,2,89000,0.14804070007034223
0,0,90000,0.13994486973046202
0,1,90000,0.12495842531981997
0,2,90000,0.11403244729516931
1,0,90000,0.14163874773747692
1,1,90000,0.16299492771442609
1,2,90000,0.15555185852477113
2,0,90000,0.14438850495359334
2,1,90000,0.14218618916309123
2,2,90000,0.1389762040050824
0,0,91000,0.15859289120846043
0,1,91000,0.12377929687500001
0,2,91000,0.14505524852568172
1,0,91000,0.12957585437387267
1,1,91000,0.141500946894209
1,2,91000,0.13359339358914168
2,0,91000,0.14501489548280716
2,1,91000,0.13211721631337522
2,2,91000,0.14712407037627148
0,0,92000,0.14423795680973603
0,1,92000,0.14184365148688874
0,2,92000,0.13458220053120734
1,0,92000,0.1278522907677853
1,1,92000,0.14285277469292412
1,2,92000,0.15342539379163295
2,0,92000,0.13840895123911506
2,1,92000,0.16250320920886135
2,2,92000,0.1279696125122672
0,0,93000,0.14020381900102225
0,1,93000,0.13211721631337522
0,2,93000,0.13297186367732658
1,0,93000,0.15930164862608667
1,1,93000,0.13122544497852168
1,2,93000,0.14087573861866376
2,0,93000,0.12484349919678564
2,1,93000,0.13391668116914665
2,2,93000,0.12890625000000003
0,0,94000,0.16105248029351196
0,1,94000,0.12187278048315678
0,2,94000,0.12495842531981997
1,0,94000,0.13359339358914168
1,1,94000,0.13763424324588674
1,2,94000,0.1189757496559201
2,0,94000,0.13668506541480252
2,1,94000,0.1332505599746848
2,2,94000,0.13376043511385513
0,0,95000,0.1298107093043906
0,1,95000,0.13169487816216702
0,2,95000,0.13424697149345596
1,0,95000,0.13225023621541182
1,1,95000,0.12695063370428053
1,2,95000,0.1506570857977399
2,0,95000,0.15913783446909768
2,1,95000,0.1460904144377587
2,2,95000,0.122053813498308
0,0,96000,0.14131885999818614
0,1,96000,0.15135973238998054
0,2,96000,0.14423795680973603
1,0,96000,0.1440036445518561
1,1,96000,0.1363583303854107
1,2,96000,0.13561667265588725
2,0,96000,0.12084673703296056
2,1,96000,0.14770507812500006
2,2,96000,0.1386409418112613
0,0,97000,0.13495666647009796
0,1,97000,0.13539015142032013
0,2,97000,0.13244614198962087
1,0,97000,0.1357277221618563
1,1,97000,0.13840895123911506
1,2,97000,0.1390972685590673
2,0,97000,0.1331035690612231
2,1,97000,0.12367989129826237
2,2,97000,0.10224107786003021
0,0,98000,0.13297186367732658
0,1,98000,0.14153528669903492
0,2,98000,0.1308000826156707
1,0,98000,0.11533979553765523
1,1,98000,0.13790097877263782
1,2,98000,0.1513745406885679
2,0,98000,0.13248689526945553
2,1,98000,0.14465318848695483
2,2,98000,0.14598299456877323
0,0,99000,0.11260563752037289
0,1,99000,0.12143723056769883
0,2,99000,0.15304701425880166
1,0,99000,0.11203341082978141
1,1,99000,0.13136266777769504
1,2,99000,0.12272317135522452
2,0,99000,0.121159759089439
2,1,99000,0.1372983705146083
2,2,99000,0.14159349118421782
0,0,100000,0.12817318900903643
0,1,100000,0.13520209107451614
0,2,100000,0.13150609061741453
1,0,100000,0.12727691871800012
1,1,100000,0.11836856959954065
1,2,100000,0.12531707496562813
2,0,100000,0.1313753342130896
2,1,100000,0.14054122620016454
2,2,100000,0.14614116790806464
0,0,101000,0.11897320374878466
0,1,101000,0.125530353627104
0,2,101000,0.11527090093860003
1,0,101000,0.13112958214057913
1,1,101000,0.14285277469292412
1,2,101000,0.12147266719790593
2,0,101000,0.13964786972803397
2,1,101000,0.121159759089439
2,2,101000,0.11769321541971317
0,0,102000,0.12138812109805776
0,1,102000,0.12749697132720528
0,2,102000,0.11989957494755142
1,0,102000,0.11715819139686562
1,1,102000,0.12739699409342958
1,2,102000,0.13329081528873402
2,0,102000,0.13104799536017597
2,1,102000,0.12450505981894784
2,2,102000,0.11989957494755142
0,0,103000,0.1252188771861019
0,1,103000,0.12059926133911908
0,2,103000,0.12205158565315687
1,0,103000,0.13764752326058818
1,1,103000,0.13201430251811758
1,2,103000,0.1334320718661605
2,0,103000,0.13491473642563054
2,1,103000,0.125530353627104
2,2,103000,0.12409661875385761
0,0,104000,0.14568831862155945
0,1,104000,0.10481451925781646
0,2,104000,0.11594630950973887
1,0,104000,0.11305956205295294
1,1,104000,0.14568831862155945
1,2,104000,0.13668081093283727
2,0,104000,0.13150609061741453
2,1,104000,0.12656742379902963
2,2,104000,0.1264641461996628
0,0,105000,0.11867093255472902
0,1,105000,0.13628982180894186
0,2,105000,0.12663087113565918
1,0,105000,0.13732540680506253
1,1,105000,0.12694712113860426
1,2,105000,0.14153528669903492
2,0,105000,0.11260563752037289
2,1,105000,0.13073321367554708
2,2,105000,0.12112990245841662
0,0,106000,0.11393218373516609
0,1,106000,0.12379740620113311
0,2,106000,0.1278951761114587
1,0,106000,0.1402994162762054
1,1,106000,0.14257588513062
1,2,106000,0.13732133280960584
2,0,106000,0.11472485743761586
2,1,106000,0.13235675878592862
2,2,106000,0.11685536302736307
0,0,107000,0.1308569335327118
0,1,107000,0.11710019541935779
0,2,107000,0.12022034879794409
1,0,107000,0.12303551808633732
1,1,107000,0.14013108440216387
1,2,107000,0.12531707496562813
2,0,107000,0.13513039413980732
2,1,107000,0.12863934450682815
2,2,107000,0.12624588536551884
0,0,108000,0.12235861358229151
0,1,108000,0.128493961107688
0,2,108000,0.13861315339799063
1,0,108000,0.14031575281550154
1,1,108000,0.14192608479377397
1,2,108000,0.1463151037946004
2,0,108000,0.11473289454864635
2,1,108000,0.12542351753007755
2,2,108000,0.1332484357106024
0,0,109000,0.10395780091095959
0,1,109000,0.11774251707434484
0,2,109000,0.12439887127973362
1,0,109000,0.12168958550550125
1,1,109000,0.11505120156328576
1,2,109000,0.1277077357481546
2,0,109000,0.13049983125863557
2,1,109000,0.14249170797768165
2,2,109000,0.13957771620388507
0,0,110000,0.11769321541971317
0,1,110000,0.1162560802648138
0,2,110000,0.13356235719703735
1,0,110000,0.13041832221440305
1,1,110000,0.1133505073503239
1,2,110000,0.12511746014343286
2,0,110000,0.12358573881856645
2,1,110000,0.11650685264706029
2,2,110000,0.12634112380520982
0,0,111000,0.11674994472282214
0,1,111000,0.1236062919637261
0,2,111000,0.11957747258009822
1,0,111000,0.12112990245841662
1,1,111000,0.11776356665861819
1,2,111000,0.13243756884639224
2,0,111000,0.11618391756185567
2,1,111000,0.12409818097327578
2,2,111000,0.12572948031493447
0,0,112000,0.1198592442294942
0,1,112000,0.12655169214155415
0,2,112000,0.13988539704050357
1,0,112000,0.12229225196791214
1,1,112000,0.11917437258667454
1,2,112000,0.12939380893413596
2,0,112000,0.12889933974460485
2,1,112000,0.11680356456627615
2,2,112000,0.11774251707434484
0,0,113000,0.11363404631983408
0,1,113000,0.13080956374731842
0,2,113000,0.12108656870307218
1,0,113000,0.1258417236081182
1,1,113000,0.14118298832672024
1,2,113000,0.11204618255462197
2,0,113000,0.1266468053654194
2,1,113000,0.12572948031493447
2,2,113000,0.11621005928494936
0,0,114000,0.12065357577705753
0,1,114000,0.11987947107222637
0,2,114000,0.11072938517867287
1,0,114000,0.11055498787242808
1,1,114000,0.12183556063659909
1,2,114000,0.117706283941498
2,0,114000,0.10880483927188701
2,1,114000,0.12915764827668735
2,2,114000,0.13679169206387942
0,0,115000,0.1415440844802736
0,1,115000,0.1271013443454015
0,2,115000,0.11164762154909709
1,0,115000,0.1363829670586074
1,1,115000,0.1145135766730249
1,2,115000,0.11305956205295294
2,0,115000,0.12786860686298243
2,1,115000,0.12500000000000006
2,2,115000,0.09505708717589838
0,0,116000,0.12878399857387807
0,1,116000,0.12168958550550125
0,2,116000,0.12419594719513624
1,0,116000,0.12319560173845255
1,1,116000,0.11564310066415197
1,2,116000,0.1124774556017967
2,0,116000,0.11293984632134609
2,1,116000,0.1197662858773172
2,2,116000,0.117706283941498
0,0,117000,0.1321883517004113
0,1,117000,0.12566882168405605
0,2,117000,0.11927538361420437
1,0,117000,0.10928992038552662
1,1,117000,0.1200621261688424
1,2,117000,0.11306678590447096
2,0,117000,0.11509468872906078
2,1,117000,0.13806137122989123
2,2,117000,0.13278536395478138
0,0,118000,0.1133504448110226
0,1,118000,0.13636833556868663
0,2,118000,0.11683636468574608
1,0,118000,0.13037027447693203
1,1,118000,0.11221546227722529
1,2,118000,0.1117730495817819
2,0,118000,0.11531918672953373
2,1,118000,0.12358573881856645
2,2,118000,0.1236062919637261
0,0,119000,0.13037027447693203
0,1,119000,0.12048319832169582
0,2,119000,0.12756329436759792
1,0,119000,0.1321288737412473
1,1,119000,0.13039550018787016
1,2,119000,0.1516236951028062
2,0,119000,0.11422291547373493
2,1,119000,0.11509468872906078
2,2,119000,0.11680356456627615
0,0,120000,0.12035788935409937
0,1,120000,0.12469947749730619
0,2,120000,0.10624994586675725
1,0,120000,0.1065265425598364
1,1,120000,0.12859987272067275
1,2,120000,0.12542351753007755
2,0,120000,0.12242610125083853
2,1,120000,0.1214690798282827
2,2,120000,0.13925631295774868
0,0,121000,0.12817382812500006
0,1,121000,0.11306678590447096
0,2,121000,0.12939380893413596
1,0,121000,0.11448450894459619
1,1,121000,0.11193157124929981
1,2,121000,0.11079541779939918
2,0,121000,0.12233587814096476
2,1,121000,0.11782818962476944
2,2,121000,0.12419594719513624
0,0,122000,0.11039398168320885
0,1,122000,0.11645379313874599
0,2,122000,0.1330837580647646
1,0,122000,0.11865234375000007
1,1,122000,0.12168958550550125
1,2,122000,0.11189505911703139
2,0,122000,0.10892856994506517
2,1,122000,0.12409818097327578
2,2,122000,0.11788134662257369
0,0,123000,0.12324402685634543
0,1,123000,0.1294900816436515
0,2,123000,0.12089089862358006
1,0,123000,0.11505120156328576
1,1,123000,0.12409818097327578
1,2,123000,0.12213086831927733
2,0,123000,0.12409818097327578
2,1,123000,0.12860928359748278
2,2,123000,0.11731575380140313
0,0,124000,0.1274339317790505
0,1,124000,0.11420107813993727
0,2,124000,0.13278536395478138
1,0,124000,0.12919654990789595
1,1,124000,0.12089089862358006
1,2,124000,0.13007694365518727
2,0,124000,0.11425261743060695
2,1,124000,0.12979726961616234
2,2,124000,0.10440316316545119
0,0,125000,0.12352576468205757
0,1,125000,0.10209512469243032
0,2,125000,0.10707959307208231
1,0,125000,0.11193157124929981
1,1,125000,0.1200621261688424
1,2,125000,0.1190118906665121
2,0,125000,0.11122155559649641
2,1,125000,0.13638173499274
2,2,125000,0.12259345482030802
0,0,126000,0.12060171251810925
0,1,126000,0.1098543479471473
0,2,126000,0.1117730495817819
1,0,126000,0.11618391756185567
1,1,126000,0.13095673710348266
1,2,126000,0.1283155484655728
2,0,126000,0.12127046121384659
2,1,126000,0.10956600372184336
2,2,126000,0.1257779037161996
0,0,127000,0.10200376147072238
0,1,127000,0.1190118906665121
0,2,127000,0.1458738640765072
1,0,127000,0.10600135948024841
1,1,127000,0.10873761652108573
1,2,127000,0.11929439429864674
2,0,127000,0.10200376147072238
2,1,127000,0.10173700164781592
2,2,127000,0.11397728165361345
0,0,128000,0.11788134662257369
0,1,128000,0.11739674558017013
0,2,128000,0.11645379313874599
1,0,128000,0.1184467249859968
1,1,128000,0.12002314794144467
1,2,128000,0.11837766565274789
2,0,128000,0.12262468570590228
2,1,128000,0.1052023994660978
2,2,128000,0.11973376892063176
0,0,129000,0.12579752197062052
0,1,129000,0.12718392715077984
0,2,129000,0.12982531786811946
1,0,129000,0.12127046121384659
1,1,129000,0.11788134662257369
1,2,129000,0.12233587814096476
2,0,129000,0.12680139760333206
2,1,129000,0.11391759068028072
2,2,129000,0.11507837131266695
0,0,130000,0.11929439429864674
0,1,130000,0.12419594719513624
0,2,130000,0.12155255065795117
1,0,130000,0.09277343750000006
1,1,130000,0.13755092407838937
1,2,130000,0.11865234375000007
2,0,130000,0.13242174513773583
2,1,130000,0.12915039062500003
2,2,130000,0.12262468570590228
0,0,131000,0.11193157124929981
0,1,131000,0.11535353869339401
0,2,131000,0.12746499009953013
1,0,131000,0.11700367363240367
1,1,131000,0.13129226857511997
1,2,131000,0.09521484375000006
2,0,131000,0.12242610125083853
2,1,131000,0.1057350699627523
2,2,131000,0.14281645238678797
0,0,132000,0.12380745307022926
0,1,132000,0.12579752197062052
0,2,132000,0.12239851478954886
1,0,132000,0.1204238858090311
1,1,132000,0.12380745307022926
1,2,132000,0.11617879145631141
2,0,132000,0.12774600622219504
2,1,132000,0.12204700814834686
2,2,132000,0.09179687500000004
0,0,133000,0.11450725969407954
0,1,133000,0.13544398304217137
0,2,133000,0.12262468570590228
1,0,133000,0.11264905407860072
1,1,133000,0.11755339137951827
1,2,133000,0.12204700814834686
2,0,133000,0.1283155484655728
2,1,133000,0.12713992150186984
2,2,133000,0.11185227054433677
0,0,134000,0.12029958324696848
0,1,134000,0.10333707897664139
0,2,134000,0.133076645433656
1,0,134000,0.12276783168500997
1,1,134000,0.13027307310875264
1,2,134000,0.11185227054433677
2,0,134000,0.11920158088967969
2,1,134000,0.12349073643219552
2,2,134000,0.13755092407838937
0,0,135000,0.11425261743060695
0,1,135000,0.11618391756185567
0,2,135000,0.12919654990789595
1,0,135000,0.11788134662257369
1,1,135000,0.11788134662257369
1,2,135000,0.1204238858090311
2,0,135000,0.12949803785816336
2,1,135000,0.13695623169394786
2,2,135000,0.11477260990544048
0,0,136000,0.11105523705905977
0,1,136000,0.10972628447274162
0,2,136000,0.1402236103935001
1,0,136000,0.1052023994660978
1,1,136000,0.09570312500000003
1,2,136000,0.12608560022971152
2,0,136000,0.13503654960256334
2,1,136000,0.11617879145631141
2,2,136000,0.13298225483995804
0,0,137000,0.11636415545461841
0,1,137000,0.12194542501358197
0,2,137000,0.1332999728284705
1,0,137000,0.12550676968066574
1,1,137000,0.10972628447274162
1,2,137000,0.13910425741012572
2,0,137000,0.1123834871606824
2,1,137000,0.12211657724273015
2,2,137000,0.12437068231071431
0,0,138000,0.11810294766325362
0,1,138000,0.111320942839811
0,2,138000,0.1364187601751097
1,0,138000,0.11264905407860072
1,1,138000,0.12718392715077984
1,2,138000,0.11892698211073816
2,0,138000,0.12943112948413207
2,1,138000,0.11425261743060695
2,2,138000,0.10839661545355886
0,0,139000,0.1073323547353103
0,1,139000,0.12183458926632872
0,2,139000,0.09252929687500003
1,0,139000,0.10892856994506517
1,1,139000,0.09375000000000006
1,2,139000,0.11672875380975418
2,0,139000,0.11617879145631141
2,1,139000,0.12194542501358197
2,2,139000,0.12608560022971152
0,0,140000,0.12112267684019337
0,1,140000,0.11920158088967969
0,2,140000,0.11872933430164698
1,0,140000,0.10626761867752046
1,1,140000,0.12578046243679153
1,2,140000,0.11662932134563812
2,0,140000,0.10892856994506517
2,1,140000,0.11450725969407954
2,2,140000,0.09252929687500003
0,0,141000,0.10892856994506517
0,1,141000,0.12493371611867471
0,2,141000,0.12098832072889393
1,0,141000,0.12221959832404776
1,1,141000,0.11892698211073816
1,2,141000,0.11105523705905977
2,0,141000,0.09399414062500003
2,1,141000,0.1303998037640109
2,2,141000,0.11689446129552268
0,0,142000,0.11450725969407954
0,1,142000,0.10972628447274162
0,2,142000,0.11371104827897571
1,0,142000,0.10866260725707859
1,1,142000,0.12437068231071431
1,2,142000,0.12662166005852327
2,0,142000,0.11342648233749536
2,1,142000,0.13278536395478138
2,2,142000,0.12465222354824043
0,0,143000,0.12632774002862515
0,1,143000,0.09252929687500003
0,2,143000,0.10892856994506517
1,0,143000,0.11503793348828738
1,1,143000,0.12851543046486552
1,2,143000,0.11768972645325884
2,0,143000,0.12331591497740382
2,1,143000,0.11287551150308213
2,2,143000,0.11927956910583733
0,0,144000,0.10229492187500003
0,1,144000,0.12810050437594286
0,2,144000,0.11530323054266486
1,0,144000,0.12634045555390364
1,1,144000,0.08715820312500004
1,2,144000,0.09790039062500006
2,0,144000,0.11927956910583733
2,1,144000,0.13841994177091035
2,2,144000,0.14392884412654988
0,0,145000,0.11477260990544048
0,1,145000,0.1336368330874578
0,2,145000,0.133076645433656
1,0,145000,0.12690281719710453
1,1,145000,0.11397647898247906
1,2,145000,0.12221959832404776
2,0,145000,0.12769531054765593
2,1,145000,0.09790039062500006
2,2,145000,0.10999213185169356
0,0,146000,0.12304189201936702
0,1,146000,0.1378328215215235
0,2,146000,0.11947614024054058
1,0,146000,0.09960937500000003
1,1,146000,0.09301757812500006
1,2,146000,0.09960937500000003
2,0,146000,0.13963015940403387
2,1,146000,0.12245657242985677
2,2,146000,0.12194542501358197
0,0,147000,0.11477260990544048
0,1,147000,0.11821977525984327
0,2,147000,0.12933523773009772
1,0,147000,0.12578046243679153
1,1,147000,0.13269553405795137
1,2,147000,0.12358990069884512
2,0,147000,0.10919450363359404
2,1,147000,0.11590374859829498
2,2,147000,0.11477260990544048
0,0,148000,0.09643554687500004
0,1,148000,0.11954445481704665
0,2,148000,0.11848476155395214
1,0,148000,0.1266013251262767
1,1,148000,0.13097392752727705
1,2,148000,0.12943112948413207
2,0,148000,0.11821977525984327
2,1,148000,0.11609896352608767
2,2,148000,0.11556850116799287
0,0,149000,0.1426999826458049
0,1,149000,0.09472656250000006
0,2,149000,0.12331591497740382
1,0,149000,0.09765625000000004
1,1,149000,0.09619140625000003
1,2,149000,0.10400390625000004
2,0,149000,0.1358758695536729
2,1,149000,0.1123834871606824
2,2,149000,0.12219195598800736
0,0,150000,0.10034179687500004
0,1,150000,0.1315198869825999
0,2,150000,0.11874972256523252
1,0,150000,0.09985351562500004
1,1,150000,0.11768972645325884
1,2,150000,0.09497070312500004
2,0,150000,0.1206037493645497
2,1,150000,0.11503793348828738
2,2,150000,0.1414699359679843
0,0,151000,0.10009765625000003
0,1,151000,0.11768972645325884
0,2,151000,0.1269514527254831
1,0,151000,0.12219195598800736
1,1,151000,0.1179547635905764
1,2,151000,0.11821977525984327
2,0,151000,0.11742466375442963
2,1,151000,0.12578046243679153
2,2,151000,0.1251014326076482
0,0,152000,0.13042783346649178
0,1,152000,0.1171595754000549
0,2,152000,0.11477260990544048
1,0,152000,0.11556850116799287
1,1,152000,0.11477260990544048
1,2,152000,0.12774397795273496
2,0,152000,0.1244116358278638
2,1,152000,0.10302734375000006
2,2,152000,0.13533791148977314
0,0,153000,0.09912109375000006
0,1,153000,0.1179547635905764
0,2,153000,0.12742186718124382
1,0,153000,0.1208483508847308
1,1,153000,0.09399414062500003
1,2,153000,0.10327148437500004
2,0,153000,0.10668945312500006
2,1,153000,0.10107421875000003
2,2,153000,0.11768972645325884
0,0,154000,0.12878873412720526
0,1,154000,0.11927956910583733
0,2,154000,0.09814453125000004
1,0,154000,0.10498046875000003
1,1,154000,0.13233857582455685
1,2,154000,0.11874972256523252
2,0,154000,0.12404377079193375
2,1,154000,0.10986328125000004
2,2,154000,0.11291459354447633
0,0,155000,0.10229492187500003
0,1,155000,0.10034179687500004
0,2,155000,0.12351479941051295
1,0,155000,0.11662932134563812
1,1,155000,0.11279296875000004
1,2,155000,0.10522460937500004
2,0,155000,0.1208483508847308
2,1,155000,0.12276783168500997
2,2,155000,0.1298816038534231
0,0,156000,0.10205078125000003
0,1,156000,0.1198093156092065
0,2,156000,0.12007415157190021
1,0,156000,0.10546875000000004
1,1,156000,0.10156250000000006
1,2,156000,0.13097392752727705
2,0,156000,0.10937500000000004
2,1,156000,0.1206037493645497
2,2,156000,0.12824209206390957
0,0,157000,0.12086851137101264
0,1,157000,0.13447679124578918
0,2,157000,0.10131835937500006
1,0,157000,0.10571289062500004
1,1,157000,0.10961914062500004
1,2,157000,0.10009765625000003
2,0,157000,0.10620117187500003
2,1,157000,0.10791015625000004
2,2,157000,0.12536579000038275
0,0,158000,0.10986328125000004
0,1,158000,0.1206037493645497
0,2,158000,0.12769531054765593
1,0,158000,0.13669996300149728
1,1,158000,0.13233857582455685
1,2,158000,0.12615872410104811
2,0,158000,0.10449218750000006
2,1,158000,0.13370239730538352
2,2,158000,0.13015473566360267
0,0,159000,0.1171595754000549
0,1,159000,0.10864257812500006
0,2,159000,0.13233857582455685
1,0,159000,0.10498046875000003
1,1,159000,0.11636415545461841
1,2,159000,0.13124692402187563
2,0,159000,0.10375976562500004
2,1,159000,0.10913085937500003
2,2,159000,0.10449218750000006
0,0,160000,0.10913085937500003
0,1,160000,0.11927956910583733
0,2,160000,0.13424769755783536
1,0,160000,0.11901465838545522
1,1,160000,0.10595703125000004
1,2,160000,0.12800810818342132
2,0,160000,0.12245657242985677
2,1,160000,0.10498046875000003
2,2,160000,0.10620117187500003
0,0,161000,0.12563012432775794
0,1,161000,0.11376953125000007
0,2,161000,0.13895017619328257
1,0,161000,0.1229857335104025
1,1,161000,0.10253906250000003
1,2,161000,0.10546875000000004
2,0,161000,0.11108398437500004
2,1,161000,0.10522460937500004
2,2,161000,0.1347566916971473
0,0,162000,0.1307008973814843
0,1,162000,0.11108398437500004
0,2,162000,0.10839843750000003
1,0,162000,0.12827221611670178
1,1,162000,0.11181640625000006
1,2,162000,0.10791015625000004
2,0,162000,0.11181640625000006
2,1,162000,0.13533791148977314
2,2,162000,0.12615872410104811
0,0,163000,0.12721565029926288
0,1,163000,0.12985639961124143
0,2,163000,0.11035156250000006
1,0,163000,0.12721565029926288
1,1,163000,0.12721565029926288
1,2,163000,0.13196742690779717
2,0,163000,0.10498046875000003
2,1,163000,0.13170362350486947
2,2,163000,0.11108398437500004
0,0,164000,0.10644531250000004
0,1,164000,0.11254882812500007
0,2,164000,0.1298816038534231
1,0,164000,0.12007415157190021
1,1,164000,0.10595703125000004
1,2,164000,0.12404377079193375
2,0,164000,0.12245657242985677
2,1,164000,0.10742187500000004
2,2,164000,0.1274798253497773
0,0,165000,0.1285363018270253
0,1,165000,0.11694335937500004
0,2,165000,0.12827221611670178
1,0,165000,0.11108398437500004
1,1,165000,0.10644531250000004
1,2,165000,0.1251014326076482
2,0,165000,0.1243082212428406
2,1,165000,0.10083007812500003
2,2,165000,0.1380612314015882
0,0,166000,0.13117595275488944
0,1,166000,0.10595703125000004
0,2,166000,0.11083984375000007
1,0,166000,0.13887762191812733
1,1,166000,0.12272116490934472
1,2,166000,0.10546875000000004
2,0,166000,0.11328125000000007
2,1,166000,0.13724456360603823
2,2,166000,0.13233857582455685
0,0,167000,0.13987195754202097
0,1,167000,0.11181640625000006
0,2,167000,0.12985639961124143
1,0,167000,0.10913085937500003
1,1,167000,0.12800810818342132
1,2,167000,0.14458481475328172
2,0,167000,0.11376953125000007
2,1,167000,0.1351314317267353
2,2,167000,0.11083984375000007
0,0,168000,0.11474609375000006
0,1,168000,0.11352539062500007
0,2,168000,0.13143979881033901
1,0,168000,0.11254882812500007
1,1,168000,0.14322713208197935
1,2,168000,0.11059570312500004
2,0,168000,0.12721565029926288
2,1,168000,0.11303710937500007
2,2,168000,0.13012035352432322
0,0,169000,0.11596679687500006
0,1,169000,0.11450195312500006
0,2,169000,0.10791015625000004
1,0,169000,0.10766601562500004
1,1,169000,0.11889648437500007
1,2,169000,0.13934554791249565
2,0,169000,0.13397506363020537
2,1,169000,0.11059570312500004
2,2,169000,0.14756922209321485
0,0,170000,0.13697227891335934
0,1,170000,0.12622070312500006
0,2,170000,0.13354980403663197
1,0,170000,0.13778903974746082
1,1,170000,0.11816406250000004
1,2,170000,0.13407709582930916
2,0,170000,0.11816406250000004
2,1,170000,0.11962890625000007
2,2,170000,0.11230468750000007
0,0,171000,0.13778903974746082
0,1,171000,0.12774397795273496
0,2,171000,0.11010742187500004
1,0,171000,0.11816406250000004
1,1,171000,0.13302242897677047
1,2,171000,0.1396087624143541
2,0,171000,0.13750249890943136
2,1,171000,0.11645507812500004
2,2,171000,0.13934554791249565
0,0,172000,0.11767578125000004
0,1,172000,0.11474609375000006
0,2,172000,0.13533791148977314
1,0,172000,0.11938476562500004
1,1,172000,0.11450195312500006
1,2,172000,0.11743164062500004
2,0,172000,0.13942172956360105
2,1,172000,0.11303710937500007
2,2,172000,0.14159695566306993
0,0,173000,0.11914062500000004
0,1,173000,0.11621093750000006
0,2,173000,0.11938476562500004
1,0,173000,0.11035156250000006
1,1,173000,0.13697573568538243
1,2,173000,0.11230468750000007
2,0,173000,0.10986328125000004
2,1,173000,0.10986328125000004
2,2,173000,0.11547851562500006
0,0,174000,0.11010742187500004
0,1,174000,0.11108398437500004
0,2,174000,0.11645507812500004
1,0,174000,0.11474609375000006
1,1,174000,0.11450195312500006
1,2,174000,0.11059570312500004
2,0,174000,0.1486536281031567
2,1,174000,0.11303710937500007
2,2,174000,0.11401367187500004
0,0,175000,0.13460430488460687
0,1,175000,0.14756922209321485
0,2,175000,0.1348678785497704
1,0,175000,0.11499023437500006
1,1,175000,0.12231445312500004
1,2,175000,0.11987304687500004
2,0,175000,0.11816406250000004
2,1,175000,0.1243082212428406
2,2,175000,0.11352539062500007
0,0,176000,0.11547851562500006
0,1,176000,0.1351314317267353
0,2,176000,0.11303710937500007
1,0,176000,0.11938476562500004
1,1,176000,0.11401367187500004
1,2,176000,0.14132515677317592
2,0,176000,0.11791992187500004
2,1,176000,0.11401367187500004
2,2,176000,0.12084960937500004
0,0,177000,0.11645507812500004
0,1,177000,0.12597656250000003
0,2,177000,0.13881906054902893
1,0,177000,0.12231445312500004
1,1,177000,0.11743164062500004
1,2,177000,0.13249497011424138
2,0,177000,0.11816406250000004
2,1,177000,0.11645507812500004
2,2,177000,0.12207031250000006
0,0,178000,0.11523437500000007
0,1,178000,0.12060546875000004
0,2,178000,0.12109375000000006
1,0,178000,0.1332861269484329
1,1,178000,0.12231445312500004
1,2,178000,0.12329101562500007
2,0,178000,0.11401367187500004
2,1,178000,0.11279296875000004
2,2,178000,0.14214046493623395
0,0,179000,0.10986328125000004
0,1,179000,0.12060546875000004
0,2,179000,0.12109375000000006
1,0,179000,0.13407709582930916
1,1,179000,0.1309120852688277
1,2,179000,0.12133789062500006
2,0,179000,0.11694335937500004
2,1,179000,0.13354980403663197
2,2,179000,0.11889648437500007
0,0,180000,0.11987304687500004
0,1,180000,0.12011718750000006
0,2,180000,0.12158203125000007
1,0,180000,0.11767578125000004
1,1,180000,0.14223985147649643
1,2,180000,0.11328125000000007
2,0,180000,0.11352539062500007
2,1,180000,0.12377929687500006
2,2,180000,0.11303710937500007
0,0,181000,0.12500000000000006
0,1,181000,0.12255859375000007
0,2,181000,0.142502856054253
1,0,181000,0.12060546875000004
1,1,181000,0.12036132812500004
1,2,181000,0.11767578125000004
2,0,181000,0.11840820312500006
2,1,181000,0.13618544084084466
2,2,181000,0.14907202025598873
0,0,182000,0.11572265625000006
0,1,182000,0.12402343750000006
0,2,182000,0.12158203125000007
1,0,182000,0.11938476562500004
1,1,182000,0.11523437500000007
1,2,182000,0.14919566737692558
2,0,182000,0.11816406250000004
2,1,182000,0.1521749652990971
2,2,182000,0.13908231397722745
0,0,183000,0.13302242897677047
0,1,183000,0.13934554791249565
0,2,183000,0.12402343750000006
1,0,183000,0.12426757812500004
1,1,183000,0.14675562842136644
1,2,183000,0.11840820312500006
2,0,183000,0.13539496448016725
2,1,183000,0.12695312500000006
2,2,183000,0.12548828125000006
0,0,184000,0.12670898437500003
0,1,184000,0.12670898437500003
0,2,184000,0.142502856054253
1,0,184000,0.12622070312500006
1,1,184000,0.11962890625000007
1,2,184000,0.12158203125000007
2,0,184000,0.12475585937500006
2,1,184000,0.11987304687500004
2,2,184000,0.145394681558664
0,0,185000,0.12377929687500006
0,1,185000,0.14092454548467567
0,2,185000,0.12207031250000006
1,0,185000,0.12670898437500003
1,1,185000,0.12792968750000006
1,2,185000,0.13987195754202097
2,0,185000,0.11767578125000004
2,1,185000,0.12524414062500006
2,2,185000,0.12133789062500006
0,0,186000,0.12670898437500003
0,1,186000,0.14644570639104207
0,2,186000,0.12451171875000007
1,0,186000,0.13908231397722745
1,1,186000,0.13987195754202097
1,2,186000,0.12915039062500003
2,0,186000,0.11962890625000007
2,1,186000,0.11938476562500004
2,2,186000,0.11914062500000004
0,0,187000,0.12573242187500006
0,1,187000,0.12573242187500006
0,2,187000,0.12255859375000007
1,0,187000,0.15542149693028073
1,1,187000,0.12548828125000006
1,2,187000,0.13037109375000006
2,0,187000,0.12548828125000006
2,1,187000,0.12768554687500006
2,2,187000,0.13829249497423485
0,0,188000,0.15461021043602263
0,1,188000,0.12207031250000006
0,2,188000,0.12084960937500004
1,0,188000,0.11987304687500004
1,1,188000,0.12646484375000006
1,2,188000,0.1472337865241903
2,0,188000,0.12109375000000006
2,1,188000,0.12011718750000006
2,2,188000,0.15461021043602263
0,0,189000,0.12915039062500003
0,1,189000,0.13403320312500006
0,2,189000,0.12866210937500006
1,0,189000,0.12255859375000007
1,1,189000,0.14697111099426913
1,2,189000,0.12597656250000003
2,0,189000,0.12329101562500007
2,1,189000,0.1440804918775195
2,2,189000,0.12280273437500004
0,0,190000,0.13159179687500006
0,1,190000,0.15012205503460768
0,2,190000,0.11840820312500006
1,0,190000,0.12011718750000006
1,1,190000,0.14670841763373918
1,2,190000,0.12475585937500006
2,0,190000,0.1509094000234475
2,1,190000,0.14828431136033643
2,2,190000,0.14749644427481393
0,0,191000,0.12939453125000006
0,1,191000,0.12915039062500003
0,2,191000,0.13549804687500006
1,0,191000,0.12500000000000006
1,1,191000,0.12744140625000006
1,2,191000,0.12573242187500006
2,0,191000,0.12426757812500004
2,1,191000,0.12133789062500006
2,2,191000,0.12573242187500006
0,0,192000,0.14276584188986685
0,1,192000,0.14644570639104207
0,2,192000,0.12622070312500006
1,0,192000,0.12304687500000004
1,1,192000,0.12622070312500006
1,2,192000,0.11865234375000007
2,0,192000,0.12719726562500006
2,1,192000,0.12402343750000006
2,2,192000,0.11914062500000004
0,0,193000,0.12695312500000006
0,1,193000,0.12524414062500006
0,2,193000,0.13037109375000006
1,0,193000,0.13574218750000006
1,1,193000,0.12988281250000006
1,2,193000,0.13183593750000008
2,0,193000,0.15195895435828435
2,1,193000,0.1629827843503956
2,2,193000,0.12670898437500003
0,0,194000,0.15195895435828435
0,1,194000,0.13427734375000006
0,2,194000,0.12622070312500006
1,0,194000,0.12695312500000006
1,1,194000,0.12646484375000006
1,2,194000,0.13476562500000008
2,0,194000,0.1461829772143704
2,1,194000,0.12207031250000006
2,2,194000,0.12866210937500006
0,0,195000,0.12329101562500007
0,1,195000,0.12719726562500006
0,2,195000,0.12890625000000003
1,0,195000,0.13232421875000006
1,1,195000,0.14038085937500003
1,2,195000,0.13085937500000003
2,0,195000,0.13891601562500006
2,1,195000,0.12744140625000006
2,2,195000,0.12670898437500003
0,0,196000,0.12963867187500006
0,1,196000,0.12768554687500006
0,2,196000,0.12646484375000006
1,0,196000,0.13354492187500006
1,1,196000,0.12304687500000004
1,2,196000,0.13378906250000006
2,0,196000,0.15589239952210895
2,1,196000,0.1514342111722554
2,2,196000,0.12792968750000006
0,0,197000,0.12548828125000006
0,1,197000,0.13500976562500008
0,2,197000,0.12670898437500003
1,0,197000,0.12475585937500006
1,1,197000,0.13305664062500006
1,2,197000,0.12817382812500006
2,0,197000,0.13574218750000006
2,1,197000,0.12573242187500006
2,2,197000,0.12817382812500006
0,0,198000,0.12622070312500006
0,1,198000,0.12548828125000006
0,2,198000,0.12573242187500006
1,0,198000,0.13085937500000003
1,1,198000,0.13793945312500006
1,2,198000,0.13037109375000006
2,0,198000,0.13330078125000006
2,1,198000,0.1516965912369148
2,2,198000,0.12426757812500004
0,0,199000,0.13769531250000008
0,1,199000,0.12084960937500004
0,2,199000,0.12963867187500006
1,0,199000,0.13305664062500006
1,1,199000,0.12792968750000006
1,2,199000,0.12182617187500007
2,0,199000,0.13305664062500006
2,1,199000,0.13110351562500003
2,2,199000,0.13110351562500003
